,Category,Sales,Quantity,Discount,Profit,Shipping Cost
0,Technology,4744557.498080019,35176,1372.508000000032,663778.7331799992,507048.73999999743
1,Office Supplies,3787070.2254999117,108182,4297.189999999607,518473.83430000057,405451.28999999654
2,Furniture,4110874.18629997,34954,1660.0300000000348,285204.7238000013,440320.6600000026
